Model,Precision,Recall,F1
XLM-R (fine-tuned),0.9534883720930233,0.9647058823529412,0.9590643274853802
RapidFuzz (baseline),1.0,0.3783783783783784,0.5490196078431372
